gen,stage,mean_fit,max_fit,sigma,eval_return,arrivals,charged,cells,bumps,fell,flat,secs
0,0,33.93,158.38,0.0799,53.75,0.0,0.0,6.1,0.0,0.6,0.0,2.82
1,0,39.51,131.69,0.0798,,,,,,,,2.25
2,0,66.94,181.98,0.0798,,,,,,,,2.76
3,0,51.16,116.95,0.0797,,,,,,,,2.3
4,0,84.24,181.59,0.0796,107.67,0.0,0.0,4.4,0.0,0.2,0.0,2.95
5,0,44.41,117.51,0.0795,,,,,,,,2.08
6,0,83.82,148.77,0.0794,,,,,,,,2.51
7,0,141.46,212.79,0.0794,,,,,,,,3.0
8,0,174.77,246.23,0.0793,,,,,,,,2.87
9,0,93.02,178.02,0.0792,134.29,0.0,0.0,8.8,0.0,0.6,0.0,1.65
10,0,24.03,190.5,0.0791,,,,,,,,0.88
11,0,121.31,245.45,0.079,,,,,,,,1.91
12,0,104.86,195.12,0.079,,,,,,,,1.72
13,0,152.93,269.8,0.0789,,,,,,,,2.45
14,0,127.72,213.56,0.0788,133.96,0.0,0.0,5.6,0.0,0.3,0.0,2.36
15,0,139.76,242.2,0.0787,,,,,,,,2.83
16,0,147.3,220.06,0.0787,,,,,,,,3.2
17,0,154.51,277.7,0.0786,,,,,,,,3.21
18,0,171.7,265.71,0.0785,,,,,,,,3.24
19,0,149.79,213.0,0.0784,164.89,0.0,0.0,7.4,0.0,0.3,0.0,2.72
20,0,152.65,212.73,0.0783,,,,,,,,2.4
21,0,176.46,241.09,0.0783,,,,,,,,2.55
22,0,198.96,302.0,0.0782,,,,,,,,2.75
23,0,163.24,251.3,0.0781,,,,,,,,2.18
24,0,132.73,251.22,0.078,153.18,0.0,0.0,9.0,0.0,0.5,0.0,2.01
25,0,133.94,204.55,0.0779,,,,,,,,1.92
26,0,2.19,87.82,0.0779,,,,,,,,0.68
27,0,172.04,228.92,0.0778,,,,,,,,2.87
28,0,73.12,193.36,0.0777,,,,,,,,1.77
29,0,140.28,223.04,0.0776,146.38,0.0,0.0,5.2,0.0,0.2,0.0,2.87
30,0,96.98,172.16,0.0776,,,,,,,,2.36
31,0,176.65,290.84,0.0775,,,,,,,,3.29
32,0,96.76,214.46,0.0774,,,,,,,,2.35
33,0,122.8,207.95,0.0773,,,,,,,,2.8
34,0,174.16,269.74,0.0772,166.39,0.0,0.0,6.1,0.0,0.2,0.0,3.23
35,0,204.16,294.79,0.0772,,,,,,,,3.19
36,0,124.19,205.31,0.0771,,,,,,,,2.17
37,0,84.54,255.69,0.077,,,,,,,,1.78
38,0,137.01,264.46,0.0769,,,,,,,,2.05
39,0,101.7,221.06,0.0769,203.85,0.0,0.0,10.2,0.0,0.3,0.0,1.75
40,0,181.07,314.63,0.0768,,,,,,,,2.67
41,0,171.03,298.94,0.0767,,,,,,,,2.72
42,0,187.81,291.51,0.0766,,,,,,,,3.14
43,0,139.78,249.72,0.0766,,,,,,,,2.6
44,0,146.39,259.33,0.0765,194.87,0.0,0.0,6.3,0.0,0.0,0.0,3.18
45,0,165.81,280.44,0.0764,,,,,,,,3.32
46,0,178.84,329.17,0.0763,,,,,,,,3.12
47,0,132.34,254.55,0.0762,,,,,,,,2.69
48,0,209.25,377.6,0.0762,,,,,,,,3.23
49,0,224.8,365.47,0.0761,285.28,0.0,0.0,15.9,0.0,0.1,0.0,3.28
50,1,72.71,183.14,0.076,,,,,,,,2.36
51,1,66.16,196.71,0.0759,,,,,,,,2.54
52,1,108.58,248.93,0.0759,,,,,,,,3.27
53,1,82.42,219.98,0.0758,,,,,,,,3.45
54,1,124.53,253.51,0.0757,180.47,0.0,0.0,8.1,1.3,0.0,0.0,3.96
55,1,171.85,271.1,0.0756,,,,,,,,4.98
56,1,113.72,204.13,0.0756,,,,,,,,4.83
57,1,145.67,239.43,0.0755,,,,,,,,4.54
58,1,177.73,286.49,0.0754,,,,,,,,5.11
59,1,182.17,297.52,0.0753,199.74,0.0,0.0,11.2,2.5,0.2,0.0,5.11
60,1,188.55,318.07,0.0753,,,,,,,,4.12
61,1,105.91,228.06,0.0752,,,,,,,,3.19
62,1,96.44,221.75,0.0751,,,,,,,,2.66
63,1,227.55,337.2,0.075,,,,,,,,4.72
64,1,142.16,254.78,0.075,197.94,0.0,0.0,12.4,8.1,0.3,0.0,3.31
65,1,117.18,230.65,0.0749,,,,,,,,3.22
66,1,94.19,177.81,0.0748,,,,,,,,3.89
67,1,135.88,239.23,0.0747,,,,,,,,4.51
68,1,112.46,178.6,0.0747,,,,,,,,4.64
69,1,151.91,251.18,0.0746,139.3,0.0,0.0,6.5,0.1,0.0,0.0,4.41
70,1,143.94,245.13,0.0745,,,,,,,,4.79
71,1,138.51,266.68,0.0744,,,,,,,,4.78
72,1,169.88,271.26,0.0744,,,,,,,,5.2
73,1,195.87,278.8,0.0743,,,,,,,,4.8
74,1,81.11,228.31,0.0742,219.05,0.0,0.0,15.6,20.3,0.3,0.0,3.68
75,1,104.39,242.27,0.0741,,,,,,,,3.1
76,1,67.17,266.79,0.0741,,,,,,,,1.96
77,1,101.34,251.37,0.074,,,,,,,,2.93
78,1,51.28,160.52,0.0739,,,,,,,,2.49
79,1,168.32,272.17,0.0738,189.36,0.0,0.0,10.1,1.5,0.3,0.0,4.54
80,1,170.45,277.02,0.0738,,,,,,,,4.72
81,1,211.48,292.6,0.0737,,,,,,,,4.8
82,1,166.14,239.45,0.0736,,,,,,,,4.91
83,1,194.75,307.14,0.0736,,,,,,,,4.41
84,1,201.81,286.26,0.0735,199.85,0.0,0.0,9.6,4.2,0.0,0.0,4.75
85,1,218.34,324.8,0.0734,,,,,,,,4.75
86,1,174.04,238.26,0.0733,,,,,,,,4.11
87,1,200.48,308.79,0.0733,,,,,,,,4.2
88,1,185.79,309.31,0.0732,,,,,,,,3.93
89,1,161.12,272.7,0.0731,225.93,0.0,0.0,14.7,6.3,0.3,0.0,3.39
90,1,180.96,295.96,0.073,,,,,,,,3.35
91,1,159.46,272.1,0.073,,,,,,,,3.28
92,1,244.04,347.38,0.0729,,,,,,,,3.8
93,1,194.34,307.71,0.0728,,,,,,,,4.63
94,1,205.99,311.38,0.0727,203.52,0.0,0.0,8.4,5.4,0.0,0.0,5.08
95,1,176.78,240.07,0.0727,,,,,,,,5.43
96,1,182.24,256.04,0.0726,,,,,,,,5.58
97,1,219.08,339.03,0.0725,,,,,,,,4.34
98,1,209.07,317.1,0.0725,,,,,,,,5.01
99,1,101.11,190.61,0.0724,245.72,0.0,0.0,17.2,20.8,0.1,0.0,4.98
100,2,0.37,76.08,0.0723,,,,,,,,4.36
101,2,26.04,102.98,0.0722,,,,,,,,4.43
102,2,45.53,128.98,0.0722,,,,,,,,4.38
103,2,21.77,83.04,0.0721,,,,,,,,5.28
104,2,76.83,152.22,0.072,67.71,0.0,0.0,10.3,14.3,0.0,0.0,5.66
105,2,57.39,152.63,0.072,,,,,,,,5.48
106,2,55.95,121.12,0.0719,,,,,,,,6.04
107,2,40.82,119.83,0.0718,,,,,,,,6.29
108,2,75.08,158.68,0.0717,,,,,,,,6.79
109,2,80.84,240.23,0.0717,97.82,0.1,0.0,11.7,13.7,0.0,0.0,5.62
110,2,75.87,240.69,0.0716,,,,,,,,5.83
111,2,163.12,271.02,0.0715,,,,,,,,6.97
112,2,160.41,278.49,0.0714,,,,,,,,5.28
113,2,89.94,278.18,0.0714,,,,,,,,5.55
114,2,161.59,337.12,0.0713,213.55,1.5,0.0,22.4,58.3,0.2,0.0,4.99
115,2,161.39,334.19,0.0712,,,,,,,,4.73
116,2,253.89,388.71,0.0712,,,,,,,,5.88
117,2,278.08,422.6,0.0711,,,,,,,,5.11
118,2,173.38,295.81,0.071,,,,,,,,5.64
119,2,156.4,297.95,0.0709,220.93,1.7,0.0,15.7,20.2,0.0,0.0,6.25
120,3,107.3,257.64,0.0709,,,,,,,,5.43
121,3,201.02,313.84,0.0708,,,,,,,,5.2
122,3,176.86,294.67,0.0707,,,,,,,,5.42
123,3,147.0,229.19,0.0707,,,,,,,,5.48
124,3,155.08,232.95,0.0706,206.48,2.4,0.0,11.3,3.8,0.0,0.0,5.0
125,3,130.42,231.38,0.0705,,,,,,,,6.04
126,3,127.54,209.02,0.0705,,,,,,,,5.08
127,3,58.08,159.99,0.0704,,,,,,,,5.77
128,3,99.96,179.51,0.0703,,,,,,,,5.41
129,3,132.19,235.64,0.0702,168.5,1.8,0.0,14.2,17.1,0.2,0.0,5.38
130,3,151.5,293.06,0.0702,,,,,,,,5.26
131,3,60.87,153.78,0.0701,,,,,,,,5.66
132,3,69.13,199.04,0.07,,,,,,,,5.33
133,3,123.53,265.19,0.07,,,,,,,,4.98
134,3,278.24,416.15,0.0699,135.93,1.7,0.0,10.8,12.9,0.3,0.0,4.94
135,3,220.76,367.29,0.0698,,,,,,,,5.55
136,3,134.36,247.47,0.0698,,,,,,,,5.66
137,3,152.65,244.23,0.0697,,,,,,,,4.85
138,3,301.05,437.0,0.0696,,,,,,,,5.07
139,3,236.56,337.35,0.0695,130.09,1.6,0.0,13.1,37.6,0.0,0.0,5.3
140,3,163.6,284.25,0.0695,,,,,,,,5.83
141,3,132.64,242.75,0.0694,,,,,,,,5.89
142,3,183.59,323.81,0.0693,,,,,,,,5.93
143,3,269.84,351.02,0.0693,,,,,,,,5.41
144,3,115.09,220.36,0.0692,199.94,2.2,0.0,12.9,24.0,0.0,0.0,6.16
145,3,165.33,281.87,0.0691,,,,,,,,5.83
146,3,214.35,311.13,0.0691,,,,,,,,5.76
147,3,243.01,387.41,0.069,,,,,,,,5.88
148,3,201.78,310.77,0.0689,,,,,,,,6.15
149,3,246.3,334.99,0.0689,188.63,1.9,0.0,11.0,13.5,0.1,0.0,5.17
150,3,55.0,145.94,0.0688,,,,,,,,5.77
151,3,207.49,323.76,0.0687,,,,,,,,5.03
152,3,142.64,259.68,0.0686,,,,,,,,5.9
153,3,128.75,266.27,0.0686,,,,,,,,6.29
154,3,178.96,273.5,0.0685,243.83,2.7,0.0,12.0,16.2,0.0,0.0,5.01
155,3,244.9,427.01,0.0684,,,,,,,,5.74
156,3,135.0,234.45,0.0684,,,,,,,,6.02
157,3,230.84,372.76,0.0683,,,,,,,,6.07
158,3,136.29,243.91,0.0682,,,,,,,,6.05
159,3,97.02,214.58,0.0682,249.83,2.4,0.0,15.1,15.6,0.0,0.0,6.83
160,3,210.79,336.75,0.0681,,,,,,,,6.05
161,3,138.85,196.16,0.068,,,,,,,,5.46
162,3,190.85,294.42,0.068,,,,,,,,6.05
163,3,54.14,221.53,0.0679,,,,,,,,5.66
164,3,207.8,320.72,0.0678,188.43,1.8,0.0,11.5,6.6,0.0,0.0,6.39
165,3,193.3,358.66,0.0678,,,,,,,,5.87
166,3,128.47,222.08,0.0677,,,,,,,,6.23
167,3,145.21,270.69,0.0676,,,,,,,,6.41
168,3,141.68,224.88,0.0676,,,,,,,,7.02
169,3,150.65,274.32,0.0675,238.26,2.3,0.0,18.5,38.8,0.0,0.0,6.53
170,3,162.28,284.5,0.0674,,,,,,,,6.51
171,3,313.84,406.56,0.0674,,,,,,,,5.04
172,3,133.32,274.8,0.0673,,,,,,,,6.73
173,3,90.04,258.45,0.0672,,,,,,,,5.91
174,3,136.61,301.37,0.0672,238.49,2.3,0.001,14.2,13.7,0.0,0.0,5.99
175,3,91.14,174.5,0.0671,,,,,,,,6.07
176,3,238.22,318.89,0.067,,,,,,,,5.97
177,3,248.04,371.92,0.0669,,,,,,,,5.99
178,3,162.93,261.49,0.0669,,,,,,,,6.59
179,3,153.08,261.15,0.0668,214.93,1.8,0.001,13.5,4.7,0.0,0.0,5.82
180,3,146.1,286.61,0.0667,,,,,,,,5.82
181,3,204.2,356.11,0.0667,,,,,,,,5.42
182,3,220.79,291.45,0.0666,,,,,,,,6.06
183,3,184.55,352.63,0.0665,,,,,,,,6.77
184,3,194.78,297.6,0.0665,213.56,1.8,0.0,15.6,14.4,0.0,0.0,5.65
185,3,233.8,372.88,0.0664,,,,,,,,6.19
186,3,126.41,253.78,0.0663,,,,,,,,6.07
187,3,193.81,314.47,0.0663,,,,,,,,5.94
188,3,50.53,170.11,0.0662,,,,,,,,6.0
189,3,184.8,280.86,0.0662,272.99,2.5,0.002,15.1,8.7,0.0,0.0,6.06
190,3,231.77,397.28,0.0661,,,,,,,,5.75
191,3,147.1,246.27,0.066,,,,,,,,6.02
192,3,165.03,226.12,0.066,,,,,,,,5.71
193,3,211.22,311.17,0.0659,,,,,,,,6.31
194,3,221.7,316.95,0.0658,270.92,2.3,0.004,17.9,13.0,0.0,0.0,5.71
195,3,138.55,225.13,0.0658,,,,,,,,6.64
196,3,222.48,350.03,0.0657,,,,,,,,5.81
196,3,193.56,296.99,0.0799,172.43,2.25,0.001,9.75,11.33,0.0,0.083,4.88
197,3,202.86,302.18,0.0798,,,,,,,,5.85
198,3,129.88,251.81,0.0798,,,,,,,,5.63
199,3,193.28,274.78,0.0797,174.24,2.333,0.0,12.83,26.83,0.0,0.083,5.41
200,3,188.45,258.67,0.0796,,,,,,,,5.55
201,3,244.14,413.13,0.0795,,,,,,,,5.45
202,3,176.29,318.48,0.0794,,,,,,,,6.05
203,3,56.66,132.51,0.0794,,,,,,,,5.64
204,3,241.77,357.16,0.0793,156.87,2.083,0.002,10.42,27.25,0.0,0.083,6.33
205,3,172.91,257.2,0.0792,,,,,,,,5.01
206,3,122.61,257.03,0.0791,,,,,,,,5.73
207,3,161.95,241.34,0.079,,,,,,,,5.57
208,3,105.98,166.22,0.079,,,,,,,,4.73
209,3,185.0,273.24,0.0789,178.39,2.167,0.004,11.42,12.17,0.0,0.083,5.21
210,3,154.57,263.38,0.0788,,,,,,,,5.08
211,3,114.33,183.32,0.0787,,,,,,,,5.15
212,3,151.91,263.63,0.0787,,,,,,,,6.2
213,3,206.26,348.2,0.0786,,,,,,,,6.44
214,3,233.7,339.98,0.0785,168.36,2.0,0.005,10.92,16.33,0.0,0.083,5.65
215,3,144.56,226.83,0.0784,,,,,,,,5.71
216,3,129.23,260.17,0.0783,,,,,,,,6.01
217,3,188.45,287.95,0.0783,,,,,,,,6.17
218,3,301.12,422.66,0.0782,,,,,,,,5.88
219,3,225.84,340.17,0.0781,154.51,1.833,0.004,8.92,4.33,0.0,0.083,5.66
220,3,211.76,348.75,0.078,,,,,,,,5.99
221,3,170.3,238.64,0.0779,,,,,,,,5.79
222,3,161.69,250.7,0.0779,,,,,,,,5.74
223,3,187.45,281.84,0.0778,,,,,,,,6.1
224,3,279.57,397.72,0.0777,133.02,1.583,0.0,10.08,11.75,0.083,0.083,5.76
225,3,161.71,239.08,0.0776,,,,,,,,5.69
226,3,123.53,195.61,0.0776,,,,,,,,5.1
227,3,104.11,190.99,0.0775,,,,,,,,5.94
228,3,121.57,190.64,0.0774,,,,,,,,5.31
229,3,211.35,299.81,0.0773,191.95,2.333,0.002,12.5,12.25,0.083,0.083,5.08
230,3,141.77,265.22,0.0772,,,,,,,,6.42
231,3,170.99,275.87,0.0772,,,,,,,,5.35
232,3,136.18,202.24,0.0771,,,,,,,,5.47
233,3,155.23,228.42,0.077,,,,,,,,5.94
234,3,140.56,242.17,0.0769,164.94,2.0,0.002,11.42,10.25,0.083,0.083,5.73
235,3,122.07,216.39,0.0769,,,,,,,,6.11
236,3,182.11,273.44,0.0768,,,,,,,,5.8
237,3,163.03,265.33,0.0767,,,,,,,,5.95
238,3,153.44,235.8,0.0766,,,,,,,,5.8
239,3,140.5,253.85,0.0766,204.86,2.583,0.002,12.42,13.33,0.083,0.083,5.78
240,3,264.42,338.31,0.0765,,,,,,,,6.0
241,3,131.56,211.76,0.0764,,,,,,,,5.88
242,3,240.46,358.67,0.0763,,,,,,,,5.43
243,3,156.97,276.62,0.0762,,,,,,,,4.77
244,3,136.76,220.33,0.0762,210.89,2.667,0.0,13.0,20.83,0.0,0.083,5.88
245,3,93.16,141.21,0.0761,,,,,,,,6.0
246,3,193.42,290.92,0.076,,,,,,,,5.92
247,3,10.25,94.46,0.0759,,,,,,,,6.7
248,3,240.92,349.9,0.0759,,,,,,,,5.71
249,3,192.42,309.68,0.0758,171.77,2.167,0.0,13.08,23.0,0.0,0.083,5.96
250,3,140.61,209.2,0.0757,,,,,,,,5.51
251,3,130.9,216.48,0.0756,,,,,,,,5.81
252,3,161.14,237.3,0.0756,,,,,,,,5.43
253,3,124.09,237.43,0.0755,,,,,,,,6.0
254,3,250.0,394.2,0.0754,188.87,2.583,0.0,11.92,27.75,0.0,0.083,5.31
255,3,90.98,134.38,0.0753,,,,,,,,5.88
256,3,200.95,305.43,0.0753,,,,,,,,4.91
257,3,103.19,154.94,0.0752,,,,,,,,5.16
258,3,171.16,278.08,0.0751,,,,,,,,5.7
259,3,244.29,326.19,0.075,244.88,3.083,0.0,14.0,12.25,0.0,0.083,5.64
260,3,205.92,294.12,0.075,,,,,,,,5.37
261,3,209.48,272.58,0.0749,,,,,,,,5.0
262,3,221.14,313.46,0.0748,,,,,,,,6.09
263,3,118.24,202.96,0.0747,,,,,,,,6.05
264,3,169.59,289.18,0.0747,217.05,2.667,0.0,14.5,15.17,0.0,0.083,5.94
265,3,177.22,250.63,0.0746,,,,,,,,4.74
266,3,177.27,247.28,0.0745,,,,,,,,5.66
267,3,160.6,241.3,0.0744,,,,,,,,5.77
268,3,229.1,373.43,0.0744,,,,,,,,5.5
269,3,54.34,121.4,0.0743,197.36,2.333,0.001,13.25,9.58,0.0,0.083,5.65
270,3,148.52,245.69,0.0742,,,,,,,,6.32
271,3,226.5,306.45,0.0741,,,,,,,,5.73
272,3,112.98,189.04,0.0741,,,,,,,,5.4
273,3,285.59,371.87,0.074,,,,,,,,5.1
274,3,122.12,252.33,0.0739,199.29,2.583,0.001,11.58,7.17,0.0,0.083,5.95
275,3,143.49,224.85,0.0738,,,,,,,,5.54
276,3,166.1,273.6,0.0738,,,,,,,,6.21
277,3,241.14,339.72,0.0737,,,,,,,,6.23
278,3,164.9,232.92,0.0736,,,,,,,,5.87
279,3,334.84,472.81,0.0736,173.38,2.167,0.001,11.58,6.08,0.0,0.083,5.7
280,3,159.6,239.78,0.0735,,,,,,,,5.85
281,3,122.52,186.71,0.0734,,,,,,,,5.76
282,3,117.89,200.09,0.0733,,,,,,,,5.95
283,3,309.94,420.92,0.0733,,,,,,,,5.47
284,3,183.95,265.1,0.0732,164.2,2.0,0.0,11.17,6.83,0.083,0.083,5.48
285,3,341.84,447.2,0.0731,,,,,,,,5.54
286,3,237.44,336.87,0.073,,,,,,,,5.8
287,3,226.42,325.01,0.073,,,,,,,,5.15
288,3,318.06,420.86,0.0729,,,,,,,,4.42
289,3,159.3,253.13,0.0728,195.26,2.25,0.003,12.33,8.25,0.0,0.083,5.93
290,3,172.2,270.83,0.0727,,,,,,,,5.81
291,3,159.24,266.41,0.0727,,,,,,,,5.91
292,3,155.44,237.67,0.0726,,,,,,,,6.29
293,3,288.23,406.52,0.0725,,,,,,,,5.25
294,3,167.32,251.72,0.0725,100.85,1.5,0.0,9.33,24.33,0.083,0.083,5.9
295,3,154.31,239.29,0.0724,,,,,,,,5.86
296,3,117.54,190.47,0.0723,,,,,,,,6.44
297,3,178.45,285.81,0.0722,,,,,,,,5.62
298,3,220.72,322.39,0.0722,,,,,,,,5.29
299,3,115.59,200.2,0.0721,145.09,1.833,0.0,11.17,12.75,0.0,0.083,6.37
300,3,210.96,323.58,0.072,,,,,,,,6.44
301,3,109.99,188.04,0.072,,,,,,,,5.11
302,3,100.31,167.65,0.0719,,,,,,,,5.98
303,3,181.3,270.71,0.0718,,,,,,,,5.95
304,3,81.36,135.6,0.0717,165.6,2.333,0.006,10.83,16.75,0.0,0.083,6.27
305,3,165.08,260.41,0.0717,,,,,,,,5.42
306,3,107.24,171.89,0.0716,,,,,,,,5.93
307,3,186.56,273.64,0.0715,,,,,,,,6.43
308,3,64.27,119.86,0.0714,,,,,,,,4.91
308,3,216.58,299.46,0.0799,186.97,2.333,0.001,13.25,17.42,0.083,0.083,4.95
309,3,205.16,326.34,0.0798,167.91,2.0,0.002,11.75,12.25,0.0,0.083,5.72
310,3,172.16,267.31,0.0798,,,,,,,,5.67
311,3,198.79,277.41,0.0797,,,,,,,,5.51
312,3,204.2,266.57,0.0796,,,,,,,,5.57
313,3,302.13,416.25,0.0795,,,,,,,,5.44
314,3,188.63,319.06,0.0794,189.57,2.417,0.003,12.83,16.5,0.0,0.083,5.91
315,3,90.09,152.33,0.0794,,,,,,,,5.79
316,3,285.91,406.39,0.0793,,,,,,,,6.56
317,3,194.67,287.7,0.0792,,,,,,,,5.15
318,3,121.96,222.38,0.0791,,,,,,,,5.95
319,3,188.66,278.29,0.079,155.58,2.083,0.001,12.08,15.0,0.0,0.083,5.49
320,3,126.46,195.48,0.079,,,,,,,,4.79
321,3,220.2,290.72,0.0789,,,,,,,,5.17
322,3,175.43,245.18,0.0788,,,,,,,,5.14
323,3,108.35,150.95,0.0787,,,,,,,,5.22
324,3,177.59,278.36,0.0787,184.18,2.25,0.0,14.0,9.33,0.083,0.083,6.24
325,3,268.8,377.71,0.0786,,,,,,,,6.25
326,3,262.24,354.01,0.0785,,,,,,,,5.63
327,3,150.43,209.82,0.0784,,,,,,,,5.6
328,3,211.61,325.78,0.0783,,,,,,,,6.13
329,3,201.95,294.02,0.0783,187.82,2.25,0.0,13.92,13.83,0.083,0.0,6.06
330,3,372.83,478.69,0.0782,,,,,,,,5.92
331,3,291.4,399.66,0.0781,,,,,,,,5.59
332,3,294.15,427.44,0.078,,,,,,,,5.84
333,3,228.54,310.18,0.0779,,,,,,,,5.76
334,3,187.71,285.53,0.0779,211.3,2.333,0.0,14.42,14.33,0.0,0.083,5.43
335,3,243.13,333.29,0.0778,,,,,,,,5.85
336,3,278.32,408.23,0.0777,,,,,,,,5.48
337,3,186.14,268.17,0.0776,,,,,,,,5.74
338,3,103.13,171.84,0.0776,,,,,,,,5.46
339,3,134.16,223.48,0.0775,194.73,2.167,0.0,14.25,9.67,0.0,0.083,6.22
340,3,98.17,165.35,0.0774,,,,,,,,5.14
341,3,282.18,345.27,0.0773,,,,,,,,5.23
342,3,182.0,250.93,0.0772,,,,,,,,6.17
343,3,188.03,300.8,0.0772,,,,,,,,5.33
344,3,166.89,231.0,0.0771,217.39,2.5,0.0,13.67,4.83,0.0,0.083,5.6
345,3,192.6,285.66,0.077,,,,,,,,5.98
346,3,161.83,236.36,0.0769,,,,,,,,5.68
347,3,202.9,303.42,0.0769,,,,,,,,6.05
348,3,181.37,293.99,0.0768,,,,,,,,5.25
349,3,213.45,312.99,0.0767,188.39,2.167,0.0,13.25,11.33,0.0,0.083,6.21
350,3,191.07,290.42,0.0766,,,,,,,,5.83
351,3,154.57,285.46,0.0766,,,,,,,,5.51
352,3,308.82,390.57,0.0765,,,,,,,,6.01
353,3,128.2,193.89,0.0764,,,,,,,,5.69
354,3,347.37,469.43,0.0763,208.29,2.333,0.0,15.08,7.58,0.0,0.083,5.59
355,3,231.59,306.6,0.0762,,,,,,,,4.77
356,3,170.23,244.8,0.0762,,,,,,,,5.88
357,3,69.08,143.97,0.0761,,,,,,,,5.89
358,3,244.98,328.61,0.076,,,,,,,,5.88
359,3,9.14,73.35,0.0759,208.65,2.333,0.0,14.0,7.67,0.0,0.083,6.47
360,3,325.96,426.76,0.0759,,,,,,,,5.44
361,3,307.43,399.35,0.0758,,,,,,,,6.0
362,3,180.66,256.35,0.0757,,,,,,,,5.77
363,3,160.64,215.02,0.0756,,,,,,,,5.79
364,3,203.19,280.4,0.0756,196.4,2.5,0.0,12.92,7.92,0.0,0.083,5.3
365,3,150.04,229.1,0.0755,,,,,,,,6.19
366,3,331.94,397.52,0.0754,,,,,,,,5.48
367,3,97.19,161.63,0.0753,,,,,,,,6.0
368,3,271.96,333.23,0.0753,,,,,,,,5.05
369,3,103.96,171.65,0.0752,240.29,2.75,0.001,14.25,6.08,0.0,0.083,5.22
370,3,237.69,315.9,0.0751,,,,,,,,5.8
371,3,277.72,374.08,0.075,,,,,,,,5.77
372,3,239.17,311.49,0.075,,,,,,,,5.37
373,3,245.05,288.52,0.0749,,,,,,,,5.04
374,3,269.84,381.9,0.0748,235.54,2.917,0.0,13.33,8.58,0.0,0.083,6.01
375,3,153.27,192.78,0.0747,,,,,,,,6.17
376,3,194.85,299.1,0.0747,,,,,,,,5.82
377,3,197.21,239.97,0.0746,,,,,,,,4.75
378,3,200.03,271.51,0.0745,,,,,,,,5.79
379,3,190.6,271.27,0.0744,232.92,2.917,0.001,13.08,10.33,0.0,0.083,5.85
380,3,253.11,383.92,0.0744,,,,,,,,5.48
381,3,54.86,117.52,0.0743,,,,,,,,5.72
382,3,200.83,269.15,0.0742,,,,,,,,6.34
383,3,217.78,306.44,0.0741,,,,,,,,5.66
384,3,141.51,208.99,0.0741,254.53,2.917,0.001,13.75,7.5,0.0,0.083,5.29
385,3,323.36,413.1,0.074,,,,,,,,5.19
386,3,125.83,258.48,0.0739,,,,,,,,5.32
387,3,161.5,249.32,0.0738,,,,,,,,5.17
388,3,218.0,272.19,0.0738,,,,,,,,6.04
389,3,293.65,382.91,0.0737,256.08,3.083,0.0,14.33,8.92,0.0,0.083,6.06
390,3,213.08,295.11,0.0736,,,,,,,,5.93
391,3,391.28,505.35,0.0736,,,,,,,,6.01
392,3,193.46,277.49,0.0735,,,,,,,,5.86
393,3,136.75,230.63,0.0734,,,,,,,,5.82
394,3,138.68,202.1,0.0733,235.24,3.0,0.001,14.0,13.92,0.0,0.083,6.16
395,3,345.8,417.15,0.0733,,,,,,,,5.74
396,3,229.47,289.33,0.0732,,,,,,,,5.59
397,3,408.43,503.76,0.0731,,,,,,,,5.75
398,3,288.66,388.22,0.073,,,,,,,,6.0
399,3,307.28,381.55,0.073,174.57,2.167,0.002,12.08,25.17,0.0,0.083,5.29
400,3,323.4,442.15,0.0729,,,,,,,,4.43
401,3,201.74,298.5,0.0728,,,,,,,,5.85
402,3,209.62,300.64,0.0727,,,,,,,,5.83
403,3,239.06,311.47,0.0727,,,,,,,,5.85
404,3,214.7,284.62,0.0726,217.14,2.667,0.001,12.17,16.67,0.0,0.083,6.28
405,3,317.31,421.92,0.0725,,,,,,,,5.33
406,3,192.06,295.76,0.0725,,,,,,,,6.11
407,3,187.23,278.55,0.0724,,,,,,,,5.87
408,3,137.94,198.46,0.0723,,,,,,,,6.55
409,3,209.11,308.32,0.0722,202.74,2.167,0.001,13.83,15.58,0.083,0.083,5.72
410,3,264.03,327.58,0.0722,,,,,,,,5.53
411,3,168.1,262.84,0.0721,,,,,,,,6.8
412,3,312.01,399.0,0.072,,,,,,,,6.07
413,3,167.68,217.43,0.072,,,,,,,,5.25
414,3,104.32,181.15,0.0719,231.02,2.667,0.0,13.83,15.42,0.0,0.083,5.96
415,3,223.05,317.79,0.0718,,,,,,,,6.21
416,3,104.13,168.1,0.0717,,,,,,,,6.62
417,3,230.37,297.81,0.0717,,,,,,,,5.76
417,3,126.99,181.47,0.0799,114.6,1.5,0.002,10.08,17.0,0.0,0.5,4.11
418,3,173.68,269.62,0.0798,,,,,,,,5.91
419,3,132.37,204.88,0.0798,158.48,2.0,0.003,11.42,7.08,0.0,0.5,4.89
420,3,70.05,115.75,0.0797,,,,,,,,4.57
421,3,149.06,215.03,0.0796,,,,,,,,5.53
422,3,227.67,290.72,0.0795,,,,,,,,5.52
423,3,162.3,245.1,0.0794,,,,,,,,5.01
424,3,55.53,123.78,0.0794,140.15,1.583,0.002,10.42,10.67,0.0,0.5,4.0
425,3,257.9,344.28,0.0793,,,,,,,,6.48
426,3,171.47,221.59,0.0792,,,,,,,,4.62
427,3,86.04,153.22,0.0791,,,,,,,,4.91
428,3,189.47,234.29,0.079,,,,,,,,5.31
429,3,89.14,121.53,0.079,141.4,1.75,0.001,10.42,9.25,0.0,0.5,3.52
430,3,200.95,285.45,0.0789,,,,,,,,4.75
431,3,153.57,213.2,0.0788,,,,,,,,4.8
432,3,24.52,71.67,0.0787,,,,,,,,4.22
433,3,187.53,261.2,0.0787,,,,,,,,5.61
434,3,275.26,412.53,0.0786,148.22,1.917,0.001,9.92,3.92,0.0,0.5,6.57
435,3,242.28,345.01,0.0785,,,,,,,,5.43
436,3,128.28,220.37,0.0784,,,,,,,,4.91
437,3,221.18,329.87,0.0783,,,,,,,,6.06
438,3,146.21,257.03,0.0783,,,,,,,,5.79
439,3,254.87,352.72,0.0782,161.21,1.917,0.001,10.5,6.58,0.0,0.5,6.07
440,3,176.93,236.93,0.0781,,,,,,,,5.56
441,3,275.09,362.15,0.078,,,,,,,,5.84
442,3,174.42,247.78,0.0779,,,,,,,,4.94
443,3,180.92,259.59,0.0779,,,,,,,,4.7
444,3,105.15,163.89,0.0778,155.03,2.083,0.001,9.75,6.83,0.0,0.5,5.71
445,3,233.49,361.9,0.0777,,,,,,,,5.75
446,3,114.95,164.98,0.0776,,,,,,,,4.6
447,3,103.01,154.27,0.0776,,,,,,,,4.2
448,3,76.04,147.79,0.0775,,,,,,,,5.45
449,3,119.99,168.21,0.0774,114.05,1.667,0.0,9.5,17.25,0.0,0.5,4.77
450,3,198.11,257.49,0.0773,,,,,,,,4.8
451,3,185.85,273.95,0.0772,,,,,,,,5.98
452,3,143.47,194.53,0.0772,,,,,,,,4.83
453,3,140.75,200.41,0.0771,,,,,,,,4.13
454,3,189.92,254.25,0.077,119.32,1.417,0.003,9.25,6.42,0.0,0.5,5.91
455,3,96.49,148.12,0.0769,,,,,,,,3.89
456,3,231.39,291.24,0.0769,,,,,,,,6.05
457,3,139.77,219.99,0.0768,,,,,,,,5.33
458,3,179.19,254.23,0.0767,,,,,,,,5.59
459,3,151.72,214.61,0.0766,111.58,1.75,0.002,10.08,28.67,0.0,0.5,4.76
460,3,118.17,212.58,0.0766,,,,,,,,5.13
461,3,180.13,253.63,0.0765,,,,,,,,6.09
462,3,73.46,128.46,0.0764,,,,,,,,5.63
463,3,282.62,340.45,0.0763,,,,,,,,5.63
464,3,133.27,196.18,0.0762,146.34,1.583,0.002,11.58,7.42,0.0,0.5,4.62
465,3,120.28,188.81,0.0762,,,,,,,,5.28
466,3,13.16,45.6,0.0761,,,,,,,,3.65
467,3,243.66,305.68,0.076,,,,,,,,5.62
468,3,16.08,62.45,0.0759,,,,,,,,5.32
469,3,236.29,333.51,0.0759,134.47,1.5,0.002,10.83,17.17,0.083,0.417,5.52
470,3,231.82,291.35,0.0758,,,,,,,,5.59
471,3,63.05,110.66,0.0757,,,,,,,,4.28
472,3,76.86,124.75,0.0756,,,,,,,,4.29
473,3,143.93,204.54,0.0756,,,,,,,,5.48
474,3,85.24,120.84,0.0755,122.77,1.5,0.0,10.08,10.83,0.0,0.5,4.81
475,3,310.32,386.53,0.0754,,,,,,,,5.18
476,3,48.02,76.18,0.0753,,,,,,,,4.24
477,3,174.64,228.15,0.0753,,,,,,,,4.22
478,3,71.6,138.16,0.0752,,,,,,,,4.23
479,3,139.79,195.62,0.0751,151.1,1.917,0.0,10.58,8.42,0.0,0.5,5.0
480,3,204.09,284.89,0.075,,,,,,,,4.35
481,3,183.33,259.8,0.075,,,,,,,,4.86
482,3,110.38,154.62,0.0749,,,,,,,,3.95
483,3,265.96,338.07,0.0748,,,,,,,,5.85
484,3,101.88,148.99,0.0747,136.36,1.917,0.001,9.33,13.5,0.0,0.5,5.28
485,3,83.89,172.73,0.0747,,,,,,,,5.5
486,3,96.64,142.92,0.0746,,,,,,,,3.9
487,3,182.85,248.54,0.0745,,,,,,,,5.18
488,3,115.15,152.64,0.0744,,,,,,,,4.87
489,3,132.13,253.82,0.0744,157.82,2.167,0.002,9.75,7.33,0.0,0.5,5.2
490,3,11.73,55.31,0.0743,,,,,,,,3.87
491,3,79.93,132.41,0.0742,,,,,,,,5.71
492,3,141.26,233.98,0.0741,,,,,,,,4.98
493,3,132.6,178.87,0.0741,,,,,,,,4.32
494,3,232.25,310.87,0.074,148.36,2.083,0.0,10.75,6.83,0.0,0.5,4.8
495,3,140.2,246.58,0.0739,,,,,,,,5.14
496,3,134.63,194.89,0.0738,,,,,,,,5.27
497,3,165.0,241.85,0.0738,,,,,,,,5.64
498,3,142.24,215.36,0.0737,,,,,,,,6.83
499,3,175.73,260.68,0.0736,155.03,1.833,0.001,10.25,1.17,0.0,0.5,5.0
500,3,190.66,279.77,0.0736,,,,,,,,5.9
501,3,108.75,151.74,0.0735,,,,,,,,4.86
502,3,107.85,170.49,0.0734,,,,,,,,5.34
503,3,107.97,147.61,0.0733,,,,,,,,4.4
504,3,192.68,278.07,0.0733,148.24,1.833,0.0,9.58,5.08,0.0,0.5,5.28
505,3,116.82,174.82,0.0732,,,,,,,,4.74
506,3,325.05,404.95,0.0731,,,,,,,,5.64
507,3,127.4,188.45,0.073,,,,,,,,5.16
508,3,304.96,373.49,0.073,,,,,,,,5.08
509,3,260.63,360.82,0.0729,147.63,1.833,0.0,10.08,2.5,0.0,0.5,4.44
510,3,104.46,202.46,0.0728,,,,,,,,5.12
511,3,142.5,191.55,0.0727,,,,,,,,5.7
512,3,215.11,325.25,0.0727,,,,,,,,5.99
513,3,167.17,242.82,0.0726,,,,,,,,5.36
514,3,269.09,315.33,0.0725,152.32,2.083,0.001,9.58,3.33,0.0,0.5,4.87
515,3,113.29,173.68,0.0725,,,,,,,,5.5
516,3,166.67,255.55,0.0724,,,,,,,,5.3
517,3,53.28,93.35,0.0723,,,,,,,,4.87
518,3,138.09,189.71,0.0722,,,,,,,,4.81
519,3,125.95,208.09,0.0722,145.03,1.917,0.0,9.67,8.25,0.0,0.5,5.17
520,3,99.44,178.38,0.0721,,,,,,,,5.95
521,3,274.29,360.47,0.072,,,,,,,,5.52
522,3,123.34,195.01,0.072,,,,,,,,4.63
523,3,50.04,117.51,0.0719,,,,,,,,4.66
524,3,160.14,248.43,0.0718,145.7,1.917,0.001,10.92,20.17,0.0,0.5,6.09
525,3,56.74,148.46,0.0717,,,,,,,,6.07
526,3,148.4,202.42,0.0717,,,,,,,,5.08
527,3,107.58,176.82,0.0716,,,,,,,,4.92
528,3,178.41,250.73,0.0715,,,,,,,,6.53
529,3,30.28,70.78,0.0714,143.59,2.167,0.002,9.42,13.17,0.0,0.5,4.26
530,3,178.35,239.85,0.0714,,,,,,,,4.73
531,3,148.41,216.59,0.0713,,,,,,,,5.83
532,3,284.55,338.81,0.0712,,,,,,,,5.19
533,3,99.18,223.72,0.0712,,,,,,,,5.32
533,3,133.96,203.91,0.0799,128.06,1.5,0.012,10.5,11.0,0.0,0.333,4.49
534,3,167.69,279.88,0.0798,151.14,1.917,0.01,10.17,11.33,0.0,0.333,6.16
535,3,132.98,211.69,0.0798,,,,,,,,5.53
536,3,91.76,154.7,0.0797,,,,,,,,5.35
537,3,149.39,222.88,0.0796,,,,,,,,6.09
538,3,228.87,306.29,0.0795,,,,,,,,5.67
539,3,200.48,284.36,0.0794,144.47,1.917,0.005,8.75,4.33,0.0,0.417,5.63
540,3,46.44,100.56,0.0794,,,,,,,,4.81
541,3,268.46,342.33,0.0793,,,,,,,,6.46
542,3,174.92,227.92,0.0792,,,,,,,,5.12
543,3,71.49,150.76,0.0791,,,,,,,,5.52
544,3,193.83,278.56,0.079,184.28,2.167,0.001,11.17,4.58,0.0,0.5,5.63
545,3,95.27,138.1,0.079,,,,,,,,3.82
546,3,204.37,285.73,0.0789,,,,,,,,4.79
547,3,147.16,210.02,0.0788,,,,,,,,5.16
548,3,26.92,72.07,0.0787,,,,,,,,4.66
549,3,198.19,270.45,0.0787,153.88,1.75,0.001,9.58,2.83,0.0,0.5,5.58
550,3,284.73,377.76,0.0786,,,,,,,,6.34
551,3,266.12,357.17,0.0785,,,,,,,,5.63
552,3,112.55,200.59,0.0784,,,,,,,,5.08
553,3,225.41,333.71,0.0783,,,,,,,,6.11
554,3,169.96,240.1,0.0783,131.8,1.75,0.008,9.17,4.58,0.0,0.5,5.73
555,3,265.6,359.83,0.0782,,,,,,,,6.1
556,3,179.18,272.53,0.0781,,,,,,,,5.56
557,3,276.63,358.17,0.078,,,,,,,,5.91
558,3,178.07,232.48,0.0779,,,,,,,,4.83
559,3,185.46,236.19,0.0779,141.34,1.917,0.02,10.17,9.58,0.0,0.5,4.6
560,3,103.11,165.83,0.0778,,,,,,,,5.7
561,3,236.86,353.06,0.0777,,,,,,,,5.47
562,3,136.48,241.14,0.0776,,,,,,,,4.85
563,3,109.63,176.58,0.0776,,,,,,,,4.43
564,3,77.12,137.99,0.0775,136.94,1.5,0.01,10.92,8.17,0.0,0.5,5.65
565,3,113.47,172.02,0.0774,,,,,,,,5.04
566,3,216.52,278.14,0.0773,,,,,,,,5.09
567,3,188.53,277.4,0.0772,,,,,,,,6.17
568,3,148.39,216.67,0.0772,,,,,,,,5.14
569,3,143.43,201.36,0.0771,163.58,2.333,0.008,8.92,6.0,0.0,0.5,4.6
570,3,203.88,279.08,0.077,,,,,,,,6.15
571,3,108.29,161.76,0.0769,,,,,,,,4.21
572,3,235.3,319.98,0.0769,,,,,,,,6.27
573,3,134.98,245.01,0.0768,,,,,,,,5.51
574,3,181.34,244.56,0.0767,155.76,2.0,0.005,10.25,8.08,0.083,0.5,5.52
575,3,162.2,236.75,0.0766,,,,,,,,4.92
576,3,143.89,243.17,0.0766,,,,,,,,5.16
577,3,165.62,241.22,0.0765,,,,,,,,5.96
578,3,94.83,148.46,0.0764,,,,,,,,5.54
579,3,300.55,377.23,0.0763,135.48,1.583,0.003,10.58,16.5,0.0,0.5,5.58
580,3,157.76,226.03,0.0762,,,,,,,,4.5
581,3,125.56,193.55,0.0762,,,,,,,,5.38
582,3,10.9,65.47,0.0761,,,,,,,,3.61
583,3,242.39,340.89,0.076,,,,,,,,5.78
584,3,33.29,108.04,0.0759,180.15,1.917,0.039,11.58,9.33,0.0,0.417,5.74
585,3,246.87,346.75,0.0759,,,,,,,,5.71
586,3,240.93,332.76,0.0758,,,,,,,,5.76
587,3,65.82,145.84,0.0757,,,,,,,,4.66
588,3,84.0,169.94,0.0756,,,,,,,,4.91
589,3,177.46,266.51,0.0756,175.16,2.083,0.048,9.58,3.58,0.167,0.167,6.22
590,3,126.95,193.84,0.0755,,,,,,,,5.59
591,3,330.65,414.93,0.0754,,,,,,,,5.54
592,3,70.22,147.85,0.0753,,,,,,,,4.94
593,3,185.71,244.47,0.0753,,,,,,,,4.63
594,3,101.86,165.4,0.0752,134.52,1.583,0.062,9.58,3.33,0.083,0.417,4.72
595,3,138.25,213.88,0.0751,,,,,,,,4.8
596,3,234.27,350.22,0.075,,,,,,,,5.13
597,3,211.01,289.83,0.075,,,,,,,,5.38
598,3,131.18,214.83,0.0749,,,,,,,,4.85
599,3,277.66,381.97,0.0748,180.61,2.25,0.03,10.08,1.83,0.083,0.5,5.78
600,3,118.81,192.4,0.0747,,,,,,,,5.68
601,3,124.74,215.29,0.0747,,,,,,,,5.65
602,3,129.72,198.63,0.0746,,,,,,,,4.61
603,3,204.41,286.47,0.0745,,,,,,,,5.62
604,3,162.13,234.04,0.0744,192.64,2.333,0.08,11.0,3.42,0.0,0.5,5.57
605,3,207.54,307.18,0.0744,,,,,,,,5.43
606,3,49.43,120.06,0.0743,,,,,,,,5.02
607,3,95.37,165.97,0.0742,,,,,,,,6.11
608,3,188.58,285.03,0.0741,,,,,,,,5.62
609,3,157.61,243.17,0.0741,175.34,1.833,0.077,10.5,6.33,0.0,0.333,5.13
610,3,252.74,339.63,0.074,,,,,,,,4.97
611,3,223.22,307.07,0.0739,,,,,,,,5.57
612,3,166.5,259.49,0.0738,,,,,,,,5.56
613,3,220.28,304.93,0.0738,,,,,,,,5.84
614,3,178.33,235.01,0.0737,190.78,2.083,0.101,10.17,5.58,0.083,0.25,6.08
615,3,216.51,310.76,0.0736,,,,,,,,5.66
616,3,220.44,304.42,0.0736,,,,,,,,5.9
617,3,144.95,205.03,0.0735,,,,,,,,5.87
618,3,161.05,248.19,0.0734,,,,,,,,6.12
619,3,164.72,254.68,0.0733,184.54,1.75,0.133,9.58,4.92,0.083,0.25,5.57
620,3,223.52,301.0,0.0733,,,,,,,,5.53
621,3,174.19,260.0,0.0732,,,,,,,,5.35
622,3,325.51,419.74,0.0731,,,,,,,,5.74
623,3,178.89,274.46,0.073,,,,,,,,6.06
624,3,334.26,402.74,0.073,215.53,2.417,0.177,10.75,3.42,0.0,0.167,5.49
625,3,271.0,374.08,0.0729,,,,,,,,4.54
626,3,108.18,236.71,0.0728,,,,,,,,5.22
627,3,182.94,246.55,0.0727,,,,,,,,5.85
628,3,230.58,323.9,0.0727,,,,,,,,6.08
629,3,191.29,286.3,0.0726,199.79,2.167,0.084,10.08,6.75,0.0,0.333,6.1
630,3,285.13,373.77,0.0725,,,,,,,,4.99
631,3,150.13,252.66,0.0725,,,,,,,,5.68
632,3,193.24,293.55,0.0724,,,,,,,,5.68
633,3,104.02,181.32,0.0723,,,,,,,,5.84
634,3,176.96,239.85,0.0722,180.43,2.167,0.054,10.75,12.0,0.083,0.417,5.55
635,3,147.87,255.45,0.0722,,,,,,,,5.37
636,3,166.35,276.15,0.0721,,,,,,,,6.48
637,3,297.17,385.74,0.072,,,,,,,,5.87
638,3,190.37,269.1,0.072,,,,,,,,5.66
639,3,107.31,228.22,0.0719,203.55,1.917,0.144,10.92,3.5,0.083,0.25,5.32
640,3,201.64,277.47,0.0718,,,,,,,,6.27
641,3,131.17,217.39,0.0717,,,,,,,,6.4
642,3,229.23,318.98,0.0717,,,,,,,,5.41
643,3,156.05,250.72,0.0716,,,,,,,,5.49
644,3,197.76,305.17,0.0715,177.14,1.917,0.161,8.92,8.42,0.167,0.167,6.49
645,3,103.71,171.54,0.0714,,,,,,,,4.86
646,3,231.99,337.5,0.0714,,,,,,,,5.55
647,3,210.96,302.3,0.0713,,,,,,,,6.36
648,3,311.79,386.39,0.0712,,,,,,,,5.37
649,3,195.24,282.98,0.0712,210.14,2.417,0.134,10.5,4.0,0.0,0.25,5.94
650,3,298.59,409.87,0.0711,,,,,,,,5.51
651,3,124.07,207.11,0.071,,,,,,,,5.53
652,3,166.03,254.09,0.0709,,,,,,,,5.83
653,3,352.74,440.05,0.0709,,,,,,,,5.91
654,3,220.44,287.09,0.0708,211.44,2.083,0.188,9.42,5.5,0.083,0.083,5.5
655,3,306.79,400.26,0.0707,,,,,,,,5.46
656,3,317.69,405.15,0.0707,,,,,,,,5.63
657,3,192.28,274.05,0.0706,,,,,,,,5.32
658,3,312.33,408.84,0.0705,,,,,,,,6.16
659,3,191.88,279.16,0.0705,181.06,2.0,0.159,9.25,17.25,0.083,0.167,5.46
660,3,98.08,197.4,0.0704,,,,,,,,6.71
661,3,119.72,234.77,0.0703,,,,,,,,5.7
662,3,225.2,305.92,0.0702,,,,,,,,6.23
663,3,187.17,278.7,0.0702,,,,,,,,5.7
664,3,134.3,206.81,0.0701,184.07,1.917,0.136,8.0,8.08,0.0,0.25,6.05
665,3,82.24,158.25,0.07,,,,,,,,5.03
666,3,204.13,264.49,0.07,,,,,,,,5.25
667,3,296.84,383.88,0.0699,,,,,,,,5.04
668,3,206.78,297.23,0.0698,,,,,,,,5.83
669,3,266.21,347.18,0.0698,228.27,2.25,0.179,10.17,9.0,0.0,0.167,5.91
670,3,141.81,212.44,0.0697,,,,,,,,5.01
671,3,308.98,388.57,0.0696,,,,,,,,5.32
672,3,181.31,233.05,0.0695,,,,,,,,5.53
673,3,221.37,303.01,0.0695,,,,,,,,6.03
674,3,235.01,296.11,0.0694,198.69,2.167,0.136,9.17,12.25,0.083,0.25,5.81
675,3,246.77,322.23,0.0693,,,,,,,,5.6
676,3,193.52,304.98,0.0693,,,,,,,,5.5
677,3,213.93,278.12,0.0692,,,,,,,,6.21
678,3,284.77,358.02,0.0691,,,,,,,,6.34
679,3,177.37,293.46,0.0691,189.44,2.0,0.109,9.58,7.92,0.0,0.333,5.93
680,3,319.45,409.66,0.069,,,,,,,,5.93
681,3,229.57,293.23,0.0689,,,,,,,,6.51
682,3,251.5,333.92,0.0689,,,,,,,,5.23
683,3,114.92,190.14,0.0688,,,,,,,,5.52
684,3,222.61,295.39,0.0687,202.39,2.0,0.146,10.0,7.25,0.083,0.167,4.85
685,3,173.93,238.62,0.0686,,,,,,,,5.75
686,3,191.44,305.69,0.0686,,,,,,,,5.92
687,3,175.91,273.13,0.0685,,,,,,,,4.93
688,3,249.08,316.68,0.0684,,,,,,,,5.92
689,3,280.54,354.24,0.0684,215.75,2.333,0.141,10.25,17.58,0.0,0.167,5.86
690,3,377.87,479.56,0.0683,,,,,,,,6.1
691,3,231.19,312.18,0.0682,,,,,,,,5.97
692,3,151.72,225.22,0.0682,,,,,,,,7.02
693,3,137.36,200.33,0.0681,,,,,,,,5.71
694,3,120.4,197.81,0.068,215.46,2.0,0.159,9.08,8.92,0.0,0.25,5.33
695,3,261.69,337.41,0.068,,,,,,,,6.17
696,3,172.21,277.88,0.0679,,,,,,,,6.0
697,3,232.38,340.55,0.0678,,,,,,,,5.68
698,3,217.26,315.98,0.0678,,,,,,,,5.95
699,3,217.9,322.23,0.0677,236.48,2.167,0.21,11.0,23.42,0.0,0.083,6.04
700,3,248.49,347.1,0.0676,,,,,,,,6.09
701,3,130.82,217.35,0.0676,,,,,,,,6.42
702,3,216.45,298.22,0.0675,,,,,,,,6.42
703,3,274.9,347.38,0.0674,,,,,,,,5.87
704,3,264.43,352.61,0.0674,201.84,1.917,0.145,10.17,19.33,0.083,0.167,5.09
705,3,309.69,405.29,0.0673,,,,,,,,6.57
706,3,178.36,285.73,0.0672,,,,,,,,5.9
707,3,239.44,317.76,0.0672,,,,,,,,5.66
708,3,133.48,230.04,0.0671,,,,,,,,5.97
709,3,210.35,290.59,0.067,214.65,2.25,0.166,10.5,18.5,0.0,0.167,5.82
710,3,219.61,298.54,0.0669,,,,,,,,5.98
711,3,170.16,268.65,0.0669,,,,,,,,6.51
712,3,243.96,314.76,0.0668,,,,,,,,5.75
713,3,124.33,198.29,0.0667,,,,,,,,5.66
714,3,273.62,361.14,0.0667,237.58,2.25,0.212,10.17,15.67,0.0,0.083,5.46
715,3,228.39,318.53,0.0666,,,,,,,,5.96
716,3,219.0,335.64,0.0665,,,,,,,,6.69
717,3,252.31,322.48,0.0665,,,,,,,,5.49
718,3,259.14,348.24,0.0664,,,,,,,,6.09
719,3,191.99,278.92,0.0663,193.06,1.667,0.199,9.17,24.5,0.0,0.083,5.99
720,3,255.63,347.48,0.0663,,,,,,,,5.98
721,3,150.33,261.7,0.0662,,,,,,,,5.88
722,3,142.87,221.56,0.0662,,,,,,,,5.83
723,3,335.1,414.64,0.0661,,,,,,,,5.75
724,3,198.2,280.61,0.066,210.7,1.667,0.159,11.42,14.5,0.0,0.083,5.88
725,3,132.31,225.65,0.066,,,,,,,,5.48
726,3,202.03,269.82,0.0659,,,,,,,,5.83
727,3,189.73,266.95,0.0658,,,,,,,,5.83
728,3,107.64,199.61,0.0658,,,,,,,,6.67
729,3,243.58,346.86,0.0657,208.51,1.833,0.208,11.5,22.17,0.083,0.167,5.7
730,3,236.09,327.05,0.0656,,,,,,,,6.62
731,3,218.24,308.84,0.0656,,,,,,,,5.54
732,3,191.37,273.09,0.0655,,,,,,,,5.9
733,3,196.36,276.65,0.0654,,,,,,,,5.45
734,3,322.24,419.69,0.0654,212.55,2.0,0.171,10.58,21.58,0.083,0.083,5.39
735,3,190.71,265.92,0.0653,,,,,,,,5.75
736,3,253.59,328.55,0.0652,,,,,,,,5.74
737,3,235.62,309.33,0.0652,,,,,,,,5.67
738,3,197.55,252.66,0.0651,,,,,,,,5.73
739,3,152.86,255.38,0.065,209.85,1.917,0.152,9.17,10.0,0.167,0.167,6.22
740,3,210.19,271.73,0.065,,,,,,,,5.83
741,3,208.72,263.78,0.0649,,,,,,,,5.22
742,3,296.67,375.8,0.0648,,,,,,,,5.74
743,3,240.84,316.95,0.0648,,,,,,,,5.95
744,3,220.72,283.25,0.0647,234.23,2.25,0.168,11.08,16.42,0.0,0.083,5.88
745,3,262.8,361.27,0.0646,,,,,,,,5.45
746,3,307.83,394.35,0.0646,,,,,,,,6.03
747,3,291.36,386.09,0.0645,,,,,,,,6.04
748,3,251.39,345.51,0.0645,,,,,,,,5.84
749,3,189.32,265.85,0.0644,182.21,1.5,0.207,7.58,15.42,0.0,0.083,5.86
750,3,262.96,375.33,0.0643,,,,,,,,5.93
751,3,243.71,320.24,0.0643,,,,,,,,5.4
752,3,319.58,424.34,0.0642,,,,,,,,5.2
753,3,205.13,285.53,0.0641,,,,,,,,6.49
754,3,281.07,371.71,0.0641,180.57,2.083,0.189,10.33,45.92,0.0,0.083,5.86
755,3,276.46,397.34,0.064,,,,,,,,5.87
756,3,183.77,249.4,0.0639,,,,,,,,5.7
757,3,211.98,287.0,0.0639,,,,,,,,5.71
758,3,238.1,310.41,0.0638,,,,,,,,6.06
759,3,296.58,380.82,0.0637,229.78,1.917,0.16,12.58,15.5,0.083,0.167,5.79
760,3,210.76,279.84,0.0637,,,,,,,,5.78
761,3,228.1,302.73,0.0636,,,,,,,,4.97
762,3,159.95,210.59,0.0636,,,,,,,,6.34
763,3,75.44,197.85,0.0635,,,,,,,,5.75
764,3,250.37,333.09,0.0634,187.37,1.5,0.171,10.75,15.5,0.167,0.083,6.1
765,3,255.41,330.53,0.0634,,,,,,,,5.22
766,3,193.53,277.06,0.0633,,,,,,,,6.08
767,3,252.7,378.65,0.0632,,,,,,,,5.86
768,3,290.59,391.78,0.0632,,,,,,,,6.06
769,3,195.56,279.87,0.0631,209.1,1.917,0.188,9.33,3.5,0.167,0.083,5.81
770,3,183.64,243.98,0.063,,,,,,,,6.32
771,3,204.23,261.05,0.063,,,,,,,,6.24
772,3,131.34,237.88,0.0629,,,,,,,,5.72
773,3,271.23,342.23,0.0629,,,,,,,,5.6
774,3,242.94,329.06,0.0628,190.58,1.833,0.151,9.42,13.83,0.0,0.083,6.14
775,3,175.38,288.4,0.0627,,,,,,,,5.72
776,3,207.71,281.97,0.0627,,,,,,,,5.43
777,3,165.59,231.74,0.0626,,,,,,,,6.11
778,3,202.45,272.27,0.0625,,,,,,,,6.21
779,3,240.33,318.63,0.0625,268.05,2.583,0.195,12.17,2.08,0.0,0.083,5.4
780,3,215.28,299.44,0.0624,,,,,,,,6.61
781,3,257.79,337.58,0.0624,,,,,,,,5.78
782,3,128.4,206.26,0.0623,,,,,,,,6.08
783,3,287.1,340.49,0.0622,,,,,,,,5.59
784,3,276.01,337.51,0.0622,206.83,2.25,0.145,9.83,13.33,0.0,0.167,6.48
785,3,331.68,399.29,0.0621,,,,,,,,5.71
786,3,202.71,305.12,0.062,,,,,,,,6.22
787,3,321.7,417.97,0.062,,,,,,,,5.27
788,3,310.94,374.54,0.0619,,,,,,,,5.37
789,3,315.31,408.99,0.0619,226.1,1.833,0.22,10.75,2.58,0.083,0.167,6.27
790,3,151.95,253.16,0.0618,,,,,,,,6.54
791,3,309.02,432.24,0.0617,,,,,,,,5.91
792,3,282.72,358.18,0.0617,,,,,,,,5.53
793,3,190.33,283.05,0.0616,,,,,,,,5.23
794,3,176.75,236.54,0.0616,215.83,1.917,0.205,10.92,7.5,0.167,0.083,5.98
795,3,280.99,367.64,0.0615,,,,,,,,5.99
796,3,311.22,401.34,0.0614,,,,,,,,6.02
797,3,230.02,337.89,0.0614,,,,,,,,5.09
798,3,181.25,239.74,0.0613,,,,,,,,5.44
799,3,202.78,300.71,0.0612,223.24,1.917,0.236,10.33,4.5,0.167,0.083,4.9
800,3,269.29,323.92,0.0612,,,,,,,,5.11
801,3,248.74,332.41,0.0611,,,,,,,,6.23
802,3,195.51,255.72,0.0611,,,,,,,,6.13
803,3,250.63,322.48,0.061,,,,,,,,5.56
804,3,235.69,304.12,0.0609,260.75,2.833,0.194,10.0,8.75,0.0,0.083,5.26
805,3,326.92,405.13,0.0609,,,,,,,,5.56
806,3,114.53,176.54,0.0608,,,,,,,,6.02
807,3,326.74,409.76,0.0608,,,,,,,,5.05
808,3,213.2,274.2,0.0607,,,,,,,,5.61
809,3,182.8,266.76,0.0606,232.47,1.917,0.235,10.5,8.92,0.0,0.083,6.74
810,3,161.45,259.26,0.0606,,,,,,,,5.83
811,3,375.15,476.32,0.0605,,,,,,,,5.65
812,3,222.28,290.82,0.0605,,,,,,,,6.12
813,3,168.92,243.1,0.0604,,,,,,,,5.66
814,3,216.9,287.03,0.0603,206.92,1.667,0.199,10.17,6.75,0.167,0.083,6.11
815,3,190.75,281.7,0.0603,,,,,,,,6.53
816,3,218.85,276.37,0.0602,,,,,,,,6.97
817,3,261.24,322.09,0.0602,,,,,,,,5.53
818,3,198.0,261.28,0.0601,,,,,,,,5.28
819,3,296.96,365.68,0.06,205.33,1.667,0.221,10.25,13.08,0.167,0.0,5.47
820,3,288.37,385.84,0.06,,,,,,,,5.1
821,3,174.29,249.54,0.0599,,,,,,,,5.64
822,3,190.02,275.73,0.0599,,,,,,,,6.21
823,3,238.97,305.13,0.0598,,,,,,,,5.73
824,3,289.29,372.74,0.0597,249.39,2.25,0.2,11.25,5.0,0.0,0.083,5.62
825,3,154.86,199.85,0.0597,,,,,,,,6.19
826,3,224.52,306.18,0.0596,,,,,,,,5.45
827,3,181.88,254.43,0.0596,,,,,,,,4.81
828,3,174.66,241.25,0.0595,,,,,,,,5.66
829,3,188.67,258.81,0.0594,208.79,2.25,0.116,10.67,13.08,0.0,0.25,5.51
830,3,296.03,387.86,0.0594,,,,,,,,6.05
831,3,210.42,282.69,0.0593,,,,,,,,5.69
832,3,123.33,201.02,0.0593,,,,,,,,6.3
833,3,224.25,286.78,0.0592,,,,,,,,5.77
834,3,174.67,246.93,0.0591,187.18,1.833,0.185,9.33,21.92,0.0,0.083,5.28
835,3,236.38,336.18,0.0591,,,,,,,,6.12
836,3,164.05,219.46,0.059,,,,,,,,6.28
837,3,273.83,341.37,0.059,,,,,,,,6.45
838,3,183.72,278.85,0.0589,,,,,,,,6.42
